<?xml version="1.0" encoding="UTF-8"?>
<reportGroups>
	<reportGroup id="101"
				 label="Regional Sales">
		<report id="221" />
		<report id="207" />
		<report id="222" />
		<report id="205" />
		<report id="220" />
	</reportGroup>
	<reportGroup id="102"
				 label="Client Deals"
				 rearrangeable="true">
		<report id="222" />
		<report id="205" />
		<report id="215" />
		<report id="216" />
		<report id="217" />
		<report id="218" />
	</reportGroup>
	<reportGroup id="103"
				 label="My Dashboard"
				 rearrangeable="true"
				 addRemoveEnabled="true">
	</reportGroup>
</reportGroups>